Rk;Player;Nation;Pos;Squad;Age;Born;Playing Time-MP;Playing Time-Starts;Playing Time-Min;Playing Time-90s;Performance-GA;Performance-GA90;Performance-SoTA;Performance-Saves;Performance-Save%;W;D;L;Performance-CS;Performance-CS%;Performance-PKatt;Penalty Kicks-PKA;Penalty Kicks-PKsv;Penalty Kicks-PKm;Penalty Kicks-Save%;Matches;
1;Antonio Adán\Antonio-Adan;es ESP;GK;pt Sporting CP;34-143;1987;2;2;180;2.0;6;3.00;9;3;33.3;0;0;2;0;0.0;0;0;0;0;;Matches
2;Alisson\Alisson;br BRA;GK;eng Liverpool;29-001;1992;2;2;180;2.0;3;1.50;6;3;50.0;2;0;0;0;0.0;0;0;0;0;;Matches
3;Giorgos Athanasiadis\Giorgos-Athanasiadis;gr GRE;GK;md Sheriff Tiraspol;28-179;1993;2;2;180;2.0;1;0.50;13;13;100.0;2;0;0;1;50.0;1;1;0;0;0.0;Matches
4;David von Ballmoos\David-von-Ballmoos;ch SUI;GK;ch Young Boys;26-277;1994;2;2;180;2.0;2;1.00;9;7;77.8;1;0;1;0;0.0;0;0;0;0;;Matches
5;Yassine Bounou\Yassine-Bounou;ma MAR;GK;es Sevilla;30-181;1991;2;2;180;2.0;2;1.00;8;7;87.5;0;2;0;0;0.0;3;1;0;2;0.0;Matches
6;Denys Boyko\Denys-Boyko;ua UKR;GK;ua Dynamo Kyiv;33-247;1988;1;1;90;1.0;0;0.00;4;4;100.0;0;1;0;1;100.0;0;0;0;0;;Matches
7;Heorhiy Bushchan\Heorhiy-Bushchan;ua UKR;GK;ua Dynamo Kyiv;27-125;1994;1;1;90;1.0;5;5.00;6;2;33.3;0;0;1;0;0.0;1;1;0;0;0.0;Matches
8;Koen Casteels\Koen-Casteels;be BEL;GK;de Wolfsburg;29-100;1992;2;2;180;2.0;1;0.50;7;7;100.0;0;2;0;1;50.0;1;1;0;0;0.0;Matches
9;Diogo Costa\Diogo-Costa;pt POR;GK;pt Porto;22-014;1999;2;2;180;2.0;5;2.50;15;10;66.7;0;1;1;1;50.0;0;0;0;0;;Matches
10;Thibaut Courtois\Thibaut-Courtois;be BEL;GK;es Real Madrid;29-145;1992;2;2;180;2.0;2;1.00;8;6;75.0;1;0;1;1;50.0;0;0;0;0;;Matches
11;Johan Dahlin\Johan-Dahlin;se SWE;GK;se Malmö;35-025;1986;1;1;90;1.0;4;4.00;9;5;55.6;0;0;1;0;0.0;0;0;0;0;;Matches
12;Ersin Destanoğlu\Ersin-Destanoglu;tr TUR;GK;tr Beşiktaş;20-275;2001;2;2;180;2.0;4;2.00;14;10;71.4;0;0;2;0;0.0;0;0;0;0;;Matches
13;Ismael Diawara\Ismael-Diawara;ml MLI;GK;se Malmö;26-326;1994;1;1;90;1.0;3;3.00;7;5;71.4;0;0;1;0;0.0;1;1;0;0;0.0;Matches
14;Gianluigi Donnarumma\Gianluigi-Donnarumma;it ITA;GK;fr Paris S-G;22-220;1999;1;1;90;1.0;0;0.00;7;7;100.0;1;0;0;1;100.0;0;0;0;0;;Matches
15;Ederson\Ederson;br BRA;GK;eng Manchester City;28-047;1993;2;2;180;2.0;5;2.50;6;1;16.7;1;0;1;0;0.0;0;0;0;0;;Matches
16;David de Gea\David-de-Gea;es ESP;GK;eng Manchester Utd;30-330;1990;2;2;180;2.0;3;1.50;12;9;75.0;1;0;1;0;0.0;0;0;0;0;;Matches
17;Ivo Grbić\Ivo-Grbic;hr CRO;GK;fr Lille;25-258;1996;2;2;180;2.0;2;1.00;2;2;100.0;0;1;1;1;50.0;2;2;0;0;0.0;Matches
18;Péter Gulácsi\Peter-Gulacsi;hu HUN;GK;de RB Leipzig;31-150;1990;2;2;180;2.0;8;4.00;13;7;46.2;0;0;2;0;0.0;1;1;0;0;0.0;Matches
19;Samir Handanović\Samir-Handanovic;si SVN;GK;it Inter;37-081;1984;2;2;180;2.0;1;0.50;3;2;66.7;0;1;1;1;50.0;0;0;0;0;;Matches
20;Gregor Kobel\Gregor-Kobel;ch SUI;GK;de Dortmund;23-301;1997;2;2;180;2.0;1;0.50;4;3;75.0;2;0;0;1;50.0;0;0;0;0;;Matches
21;Philipp Köhn\Philipp-Kohn;ch SUI;GK;at RB Salzburg;23-184;1998;2;2;180;2.0;2;1.00;3;2;66.7;1;1;0;0;0.0;1;1;0;0;0.0;Matches
22;Stanislav Kritsyuk\Stanislav-Kritsyuk;ru RUS;GK;ru Zenit;30-306;1990;2;2;180;2.0;1;0.50;5;4;80.0;1;0;1;1;50.0;0;0;0;0;;Matches
23;Mike Maignan\Mike-Maignan;fr FRA;GK;it Milan;25-309;1995;2;2;180;2.0;5;2.50;11;8;63.6;0;0;2;0;0.0;2;1;0;1;0.0;Matches
24;Edouard Mendy\Edouard-Mendy;sn SEN;GK;eng Chelsea;29-216;1992;2;2;180;2.0;1;0.50;3;2;66.7;1;0;1;1;50.0;0;0;0;0;;Matches
25;Simon Mignolet\Simon-Mignolet;be BEL;GK;be Club Brugge;33-211;1988;2;2;180;2.0;2;1.00;8;6;75.0;1;1;0;0;0.0;0;0;0;0;;Matches
26;Juan Musso\Juan-Musso;ar ARG;GK;it Atalanta;27-150;1994;2;2;180;2.0;2;1.00;8;6;75.0;1;1;0;1;50.0;0;0;0;0;;Matches
27;Keylor Navas\Keylor-Navas;cr CRC;GK;fr Paris S-G;34-292;1986;1;1;90;1.0;1;1.00;7;6;85.7;0;1;0;0;0.0;0;0;0;0;;Matches
28;Manuel Neuer\Manuel-Neuer;de GER;GK;de Bayern Munich;35-190;1986;2;2;180;2.0;0;0.00;2;2;100.0;2;0;0;2;100.0;0;0;0;0;;Matches
29;Jan Oblak\Jan-Oblak;si SVN;GK;es Atlético Madrid;28-269;1993;2;2;180;2.0;1;0.50;4;3;75.0;1;1;0;1;50.0;0;0;0;0;;Matches
30;Remko Pasveer\Remko-Pasveer;nl NED;GK;nl Ajax;37-329;1983;2;2;180;2.0;1;0.50;3;2;66.7;2;0;0;1;50.0;0;0;0;0;;Matches
31;Andriy Pyatov\Andriy-Pyatov;ua UKR;GK;ua Shakhtar;37-097;1984;2;2;180;2.0;2;1.00;6;4;66.7;0;1;1;1;50.0;0;0;0;0;;Matches
32;Gerónimo Rulli\Geronimo-Rulli;ar ARG;GK;es Villarreal;29-136;1992;2;2;180;2.0;4;2.00;12;8;66.7;0;1;1;0;0.0;0;0;0;0;;Matches
33;Wojciech Szczęsny\Wojciech-Szczesny;pl POL;GK;it Juventus;31-168;1990;2;2;180;2.0;0;0.00;2;2;100.0;2;0;0;2;100.0;0;0;0;0;;Matches
34;Marc-André ter Stegen\Marc-Andre-ter-Stegen;de GER;GK;es Barcelona;29-156;1992;2;2;180;2.0;6;3.00;12;7;58.3;0;0;2;0;0.0;1;1;0;0;0.0;Matches
35;Odisseas Vlachodimos\Odisseas-Vlachodimos;gr GRE;GK;pt Benfica;27-160;1994;2;2;180;2.0;0;0.00;4;3;100.0;1;1;0;2;100.0;0;0;0;0;;Matches